hostClock,week,towMS,towSubMS,qErr,timeBase,utc,raim,qErrInvalid,TpNotLocked,timeRefGnss,utcStandard
2025-10-06 06:55:45.797930,2387,335616000,0.0,3749,1,1,1,0,0,15,3
2025-10-06 06:55:46.797973,2387,335617000,0.0,-1032,1,1,1,0,0,15,3
2025-10-06 06:55:47.798895,2387,335618000,0.0,3000,1,1,1,0,0,15,3
2025-10-06 06:55:48.797053,2387,335619000,0.0,-2224,1,1,1,0,0,15,3
2025-10-06 06:55:49.797922,2387,335620000,0.0,677,1,1,1,0,0,15,3
2025-10-06 06:55:50.797043,2387,335621000,0.0,3359,1,1,1,0,0,15,3
2025-10-06 06:55:51.797948,2387,335622000,0.0,169,1,1,1,0,0,15,3
2025-10-06 06:55:52.798975,2387,335623000,0.0,-3472,1,1,1,0,0,15,3
2025-10-06 07:13:02.788053,2387,336653000,0.0,-3881,1,1,1,0,0,15,3
2025-10-06 07:13:03.789116,2387,336654000,0.0,3267,1,1,1,0,0,15,3
2025-10-06 07:13:12.788170,2387,336663000,0.0,2950,1,1,1,0,0,15,3
2025-10-06 07:13:13.789196,2387,336664000,0.0,1687,1,1,1,0,0,15,3
2025-10-06 07:13:14.789186,2387,336665000,0.0,3034,1,1,1,0,0,15,3
2025-10-06 07:13:15.788205,2387,336666000,0.0,2862,1,1,1,0,0,15,3
2025-10-06 07:13:16.790217,2387,336667000,0.0,2166,1,1,1,0,0,15,3
2025-10-06 07:13:17.789224,2387,336668000,0.0,2367,1,1,1,0,0,15,3
2025-10-06 07:13:18.788241,2387,336669000,0.0,1110,1,1,1,0,0,15,3
2025-10-06 07:13:19.789242,2387,336670000,0.0,-3754,1,1,1,0,0,15,3
2025-10-06 07:13:20.789285,2387,336671000,0.0,-351,1,1,1,0,0,15,3
2025-10-06 07:13:21.790268,2387,336672000,0.0,-93,1,1,1,0,0,15,3
2025-10-06 07:13:22.789283,2387,336673000,0.0,-3794,1,1,1,0,0,15,3
2025-10-06 07:13:23.789305,2387,336674000,0.0,-1970,1,1,1,0,0,15,3
2025-10-06 07:13:24.789336,2387,336675000,0.0,232,1,1,1,0,0,15,3
2025-10-06 07:13:25.789326,2387,336676000,0.0,3451,1,1,1,0,0,15,3
2025-10-06 07:13:26.788427,2387,336677000,0.0,-1709,1,1,1,0,0,15,3
2025-10-06 07:13:27.787452,2387,336678000,0.0,-1078,1,1,1,0,0,15,3
2025-10-06 07:13:28.788477,2387,336679000,0.0,-1395,1,1,1,0,0,15,3
2025-10-06 07:13:29.788466,2387,336680000,0.0,1923,1,1,1,0,0,15,3
2025-10-06 07:13:30.788419,2387,336681000,0.0,777,1,1,1,0,0,15,3
2025-10-06 07:13:31.790446,2387,336682000,0.0,2654,1,1,1,0,0,15,3
2025-10-06 07:13:32.790430,2387,336683000,0.0,-1590,1,1,1,0,0,15,3
2025-10-06 07:13:33.788443,2387,336684000,0.0,-875,1,1,1,0,0,15,3
2025-10-06 07:13:34.788481,2387,336685000,0.0,1297,1,1,1,0,0,15,3
2025-10-06 07:13:35.788462,2387,336686000,0.0,-3270,1,1,1,0,0,15,3
2025-10-06 07:13:36.788497,2387,336687000,0.0,1526,1,1,1,0,0,15,3
2025-10-06 07:13:37.788460,2387,336688000,0.0,-218,1,1,1,0,0,15,3
2025-10-06 07:13:38.787525,2387,336689000,0.0,-1706,1,1,1,0,0,15,3
2025-10-06 07:13:39.789526,2387,336690000,0.0,202,1,1,1,0,0,15,3
2025-10-06 07:13:40.788540,2387,336691000,0.0,3287,1,1,1,0,0,15,3
2025-10-06 07:13:41.787597,2387,336692000,0.0,2060,1,1,1,0,0,15,3
2025-10-06 07:13:42.787569,2387,336693000,0.0,-839,1,1,1,0,0,15,3
2025-10-06 07:13:51.788779,2387,336702000,0.0,-1694,1,1,1,0,0,15,3
2025-10-06 07:13:52.788785,2387,336703000,0.0,-2104,1,1,1,0,0,15,3
2025-10-06 07:13:53.789793,2387,336704000,0.0,-3816,1,1,1,0,0,15,3
2025-10-06 07:13:54.787787,2387,336705000,0.0,-3687,1,1,1,0,0,15,3
2025-10-06 07:13:55.788820,2387,336706000,0.0,-3266,1,1,1,0,0,15,3
2025-10-06 07:13:56.788829,2387,336707000,0.0,-2746,1,1,1,0,0,15,3
2025-10-06 07:13:57.788833,2387,336708000,0.0,-807,1,1,1,0,0,15,3
2025-10-06 07:13:58.788860,2387,336709000,0.0,-3985,1,1,1,0,0,15,3
2025-10-06 07:13:59.787905,2387,336710000,0.0,2666,1,1,1,0,0,15,3
2025-10-06 07:14:00.788939,2387,336711000,0.0,-2581,1,1,1,0,0,15,3
2025-10-06 07:14:01.788017,2387,336712000,0.0,1174,1,1,1,0,0,15,3
2025-10-06 07:14:02.787931,2387,336713000,0.0,3224,1,1,1,0,0,15,3
2025-10-06 07:14:03.788949,2387,336714000,0.0,-1710,1,1,1,0,0,15,3
2025-10-06 07:14:04.788999,2387,336715000,0.0,2346,1,1,1,0,0,15,3
2025-10-06 07:14:05.786988,2387,336716000,0.0,594,1,1,1,0,0,15,3
2025-10-06 07:14:06.788989,2387,336717000,0.0,-76,1,1,1,0,0,15,3
2025-10-06 07:14:07.788007,2387,336718000,0.0,-1903,1,1,1,0,0,15,3
2025-10-06 07:14:08.787999,2387,336719000,0.0,3211,1,1,1,0,0,15,3
2025-10-06 07:14:09.787015,2387,336720000,0.0,1567,1,1,1,0,0,15,3
2025-10-06 07:15:24.786259,2387,336795000,0.0,2776,1,1,1,0,0,15,3
2025-10-06 07:15:25.787230,2387,336796000,0.0,3267,1,1,1,0,0,15,3
2025-10-06 07:15:26.787247,2387,336797000,0.0,-1401,1,1,1,0,0,15,3
2025-10-06 07:15:27.788264,2387,336798000,0.0,-3844,1,1,1,0,0,15,3
2025-10-06 07:15:28.787260,2387,336799000,0.0,-3928,1,1,1,0,0,15,3
2025-10-06 07:15:29.787282,2387,336800000,0.0,-3052,1,1,1,0,0,15,3
2025-10-06 07:15:30.787297,2387,336801000,0.0,-2981,1,1,1,0,0,15,3
2025-10-06 07:15:31.788288,2387,336802000,0.0,248,1,1,1,0,0,15,3
2025-10-06 07:15:32.787338,2387,336803000,0.0,-3394,1,1,1,0,0,15,3
2025-10-06 07:15:33.790316,2387,336804000,0.0,527,1,1,1,0,0,15,3
2025-10-06 07:15:34.788313,2387,336805000,0.0,2675,1,1,1,0,0,15,3
2025-10-06 07:15:35.787322,2387,336806000,0.0,-801,1,1,1,0,0,15,3
2025-10-06 07:15:36.787353,2387,336807000,0.0,2240,1,1,1,0,0,15,3
2025-10-06 07:15:37.786356,2387,336808000,0.0,1813,1,1,1,0,0,15,3
2025-10-06 07:15:51.786641,2387,336822000,0.0,-1043,1,1,1,0,0,15,3
2025-10-06 07:15:52.787645,2387,336823000,0.0,2671,1,1,1,0,0,15,3
2025-10-06 07:15:53.786636,2387,336824000,0.0,-1787,1,1,1,0,0,15,3
2025-10-06 07:15:54.787671,2387,336825000,0.0,896,1,1,1,0,0,15,3
2025-10-06 07:15:55.789683,2387,336826000,0.0,1431,1,1,2,0,0,15,3
2025-10-06 07:15:56.786680,2387,336827000,0.0,1499,1,1,2,0,0,15,3
2025-10-06 07:15:57.787698,2387,336828000,0.0,2723,1,1,2,0,0,15,3
2025-10-06 07:15:58.786786,2387,336829000,0.0,3311,1,1,1,0,0,15,3
2025-10-06 07:15:59.786721,2387,336830000,0.0,1332,1,1,1,0,0,15,3
2025-10-06 07:16:00.787816,2387,336831000,0.0,-1967,1,1,1,0,0,15,3
2025-10-06 07:16:09.786913,2387,336840000,0.0,114,1,1,1,0,0,15,3
2025-10-06 07:16:10.786928,2387,336841000,0.0,2439,1,1,1,0,0,15,3
2025-10-06 07:16:19.787024,2387,336850000,0.0,3799,1,1,1,0,0,15,3
2025-10-06 07:16:20.787052,2387,336851000,0.0,-1570,1,1,1,0,0,15,3
2025-10-06 07:16:21.787054,2387,336852000,0.0,1699,1,1,1,0,0,15,3
2025-10-06 07:16:22.787052,2387,336853000,0.0,-2123,1,1,1,0,0,15,3
2025-10-06 07:16:23.787215,2387,336854000,0.0,-2577,1,1,1,0,0,15,3
2025-10-06 07:16:24.787198,2387,336855000,0.0,2257,1,1,1,0,0,15,3
2025-10-06 07:16:25.787202,2387,336856000,0.0,145,1,1,1,0,0,15,3
2025-10-06 07:16:26.787227,2387,336857000,0.0,2952,1,1,1,0,0,15,3
2025-10-06 07:16:27.790249,2387,336858000,0.0,3114,1,1,1,0,0,15,3
2025-10-06 07:16:28.786200,2387,336859000,0.0,-2396,1,1,1,0,0,15,3
2025-10-06 07:16:29.787190,2387,336860000,0.0,3466,1,1,1,0,0,15,3
2025-10-06 07:16:38.788347,2387,336869000,0.0,-704,1,1,1,0,0,15,3
2025-10-06 07:16:39.786381,2387,336870000,0.0,-2582,1,1,1,0,0,15,3
2025-10-06 07:16:40.787399,2387,336871000,0.0,1443,1,1,1,0,0,15,3
2025-10-06 07:16:41.786386,2387,336872000,0.0,3174,1,1,1,0,0,15,3
2025-10-06 07:16:42.786399,2387,336873000,0.0,3376,1,1,1,0,0,15,3
2025-10-06 07:16:43.787408,2387,336874000,0.0,-45,1,1,1,0,0,15,3
2025-10-06 07:16:44.786453,2387,336875000,0.0,-602,1,1,1,0,0,15,3
2025-10-06 07:16:45.787434,2387,336876000,0.0,608,1,1,1,0,0,15,3
2025-10-06 07:16:46.785536,2387,336877000,0.0,-108,1,1,1,0,0,15,3
2025-10-06 07:16:47.786486,2387,336878000,0.0,863,1,1,1,0,0,15,3
2025-10-06 07:16:48.786502,2387,336879000,0.0,3081,1,1,1,0,0,15,3
2025-10-06 07:16:49.788500,2387,336880000,0.0,1746,1,1,1,0,0,15,3
2025-10-06 07:16:50.786567,2387,336881000,0.0,-1095,1,1,1,0,0,15,3
2025-10-06 07:16:51.786557,2387,336882000,0.0,319,1,1,1,0,0,15,3
2025-10-06 07:16:52.786556,2387,336883000,0.0,-2762,1,1,1,0,0,15,3
2025-10-06 07:16:53.786566,2387,336884000,0.0,759,1,1,1,0,0,15,3
2025-10-06 07:16:54.785571,2387,336885000,0.0,-2312,1,1,1,0,0,15,3
2025-10-06 07:16:55.786585,2387,336886000,0.0,-3383,1,1,1,0,0,15,3
2025-10-06 07:16:56.786598,2387,336887000,0.0,1211,1,1,1,0,0,15,3
2025-10-06 07:16:57.786610,2387,336888000,0.0,-1531,1,1,1,0,0,15,3
2025-10-06 07:16:58.786639,2387,336889000,0.0,197,1,1,1,0,0,15,3
2025-10-06 07:16:59.788636,2387,336890000,0.0,3417,1,1,1,0,0,15,3
2025-10-06 07:17:00.787657,2387,336891000,0.0,-1225,1,1,1,0,0,15,3
2025-10-06 07:17:01.786807,2387,336892000,0.0,228,1,1,1,0,0,15,3
2025-10-06 07:17:02.787681,2387,336893000,0.0,2052,1,1,1,0,0,15,3
2025-10-06 07:17:11.787911,2387,336902000,0.0,-2723,1,1,1,0,0,15,3
2025-10-06 07:17:12.785909,2387,336903000,0.0,-2988,1,1,1,0,0,15,3
2025-10-06 07:17:13.786906,2387,336904000,0.0,-642,1,1,1,0,0,15,3
2025-10-06 07:17:14.786916,2387,336905000,0.0,-2604,1,1,1,0,0,15,3
2025-10-06 07:17:15.786025,2387,336906000,0.0,-3383,1,1,1,0,0,15,3
2025-10-06 07:18:37.786228,2387,336988000,0.0,-1034,1,1,1,0,0,15,3
2025-10-06 07:21:32.783955,2387,337163000,0.0,-361,1,1,1,0,0,15,3
2025-10-06 07:21:33.783956,2387,337164000,0.0,206,1,1,1,0,0,15,3
2025-10-06 07:21:34.783968,2387,337165000,0.0,2205,1,1,1,0,0,15,3
2025-10-06 07:21:35.784058,2387,337166000,0.0,-3116,1,1,1,0,0,15,3
2025-10-06 07:21:36.785996,2387,337167000,0.0,-1103,1,1,1,0,0,15,3
2025-10-06 07:21:37.783059,2387,337168000,0.0,-361,1,1,1,0,0,15,3
2025-10-06 07:21:38.783990,2387,337169000,0.0,733,1,1,1,0,0,15,3
2025-10-06 07:21:39.785027,2387,337170000,0.0,-3417,1,1,1,0,0,15,3
2025-10-06 07:21:40.784036,2387,337171000,0.0,842,1,1,1,0,0,15,3
2025-10-06 07:21:41.784042,2387,337172000,0.0,-2836,1,1,1,0,0,15,3
2025-10-06 07:21:42.784038,2387,337173000,0.0,1810,1,1,1,0,0,15,3
2025-10-06 07:21:43.784146,2387,337174000,0.0,-1025,1,1,1,0,0,15,3
2025-10-06 07:21:44.783099,2387,337175000,0.0,1274,1,1,1,0,0,15,3
2025-10-06 07:28:20.781298,2387,337571000,0.0,-782,1,1,1,0,0,15,3
2025-10-06 07:28:21.781322,2387,337572000,0.0,3118,1,1,1,0,0,15,3
2025-10-06 07:28:22.781315,2387,337573000,0.0,-837,1,1,1,0,0,15,3
2025-10-06 07:28:23.780303,2387,337574000,0.0,3704,1,1,1,0,0,15,3
2025-10-06 07:28:24.780408,2387,337575000,0.0,-1523,1,1,1,0,0,15,3
2025-10-06 07:28:25.781345,2387,337576000,0.0,547,1,1,1,0,0,15,3
2025-10-06 07:28:26.779395,2387,337577000,0.0,1886,1,1,1,0,0,15,3
2025-10-06 07:28:27.781343,2387,337578000,0.0,-1589,1,1,1,0,0,15,3
2025-10-06 07:28:28.781317,2387,337579000,0.0,-1506,1,1,1,0,0,15,3
2025-10-06 07:28:29.782329,2387,337580000,0.0,261,1,1,1,0,0,15,3
2025-10-06 07:28:30.780367,2387,337581000,0.0,-67,1,1,1,0,0,15,3
2025-10-06 07:28:31.781420,2387,337582000,0.0,439,1,1,1,0,0,15,3
2025-10-06 07:28:32.779483,2387,337583000,0.0,1572,1,1,1,0,0,15,3
2025-10-06 07:28:33.780583,2387,337584000,0.0,-3689,1,1,1,0,0,15,3
2025-10-06 12:50:44.618061,2387,356915000,0.0,-2717,1,1,1,0,0,15,3
2025-10-06 12:50:45.618051,2387,356916000,0.0,1121,1,1,1,0,0,15,3
2025-10-06 12:50:46.620104,2387,356917000,0.0,-672,1,1,1,0,0,15,3
2025-10-06 12:50:47.618109,2387,356918000,0.0,-1964,1,1,1,0,0,15,3
2025-10-06 12:50:48.619098,2387,356919000,0.0,-3913,1,1,1,0,0,15,3
2025-10-06 12:50:49.620095,2387,356920000,0.0,1995,1,1,1,0,0,15,3
2025-10-06 12:50:50.620042,2387,356921000,0.0,-125,1,1,1,0,0,15,3
2025-10-06 12:50:51.618048,2387,356922000,0.0,-1714,1,1,1,0,0,15,3
2025-10-06 12:50:52.619058,2387,356923000,0.0,-3342,1,1,1,0,0,15,3
2025-10-06 12:50:53.618124,2387,356924000,0.0,3428,1,1,1,0,0,15,3
2025-10-06 12:50:54.617143,2387,356925000,0.0,3230,1,1,1,0,0,15,3
2025-10-06 12:50:55.620121,2387,356926000,0.0,2279,1,1,1,0,0,15,3
2025-10-06 12:50:56.617148,2387,356927000,0.0,1367,1,1,1,0,0,15,3
2025-10-06 12:50:57.618194,2387,356928000,0.0,1422,1,1,1,0,0,15,3
2025-10-06 12:50:58.619147,2387,356929000,0.0,1178,1,1,1,0,0,15,3
2025-10-06 12:50:59.618246,2387,356930000,0.0,1916,1,1,1,0,0,15,3
2025-10-06 12:51:00.619221,2387,356931000,0.0,2405,1,1,1,0,0,15,3
2025-10-06 12:51:01.618291,2387,356932000,0.0,2972,1,1,1,0,0,15,3
2025-10-06 12:51:02.618220,2387,356933000,0.0,3013,1,1,1,0,0,15,3
2025-10-06 12:51:03.618237,2387,356934000,0.0,3151,1,1,1,0,0,15,3
2025-10-06 12:51:04.619188,2387,356935000,0.0,-3899,1,1,1,0,0,15,3
2025-10-06 12:51:05.618275,2387,356936000,0.0,-3120,1,1,1,0,0,15,3
2025-10-06 12:51:06.617277,2387,356937000,0.0,-2615,1,1,1,0,0,15,3
2025-10-06 12:51:07.618306,2387,356938000,0.0,-1803,1,1,1,0,0,15,3
2025-10-06 12:51:08.618432,2387,356939000,0.0,-1070,1,1,1,0,0,15,3
2025-10-06 12:51:09.617412,2387,356940000,0.0,164,1,1,1,0,0,15,3
2025-10-06 12:51:10.619386,2387,356941000,0.0,1168,1,1,1,0,0,15,3
2025-10-06 12:51:11.618327,2387,356942000,0.0,2476,1,1,1,0,0,15,3
2025-10-06 12:51:12.617494,2387,356943000,0.0,-3843,1,1,1,0,0,15,3
2025-10-06 12:51:13.618348,2387,356944000,0.0,-2476,1,1,1,0,0,15,3
2025-10-06 12:51:14.618328,2387,356945000,0.0,-513,1,1,1,0,0,15,3
2025-10-06 12:51:15.618346,2387,356946000,0.0,1243,1,1,1,0,0,15,3
2025-10-06 12:51:16.619392,2387,356947000,0.0,3676,1,1,1,0,0,15,3
2025-10-06 12:51:17.617429,2387,356948000,0.0,-1790,1,1,1,0,0,15,3
2025-10-06 12:51:18.619428,2387,356949000,0.0,56,1,1,1,0,0,15,3
2025-10-06 12:51:19.619610,2387,356950000,0.0,2162,1,1,1,0,0,15,3
2025-10-06 12:51:20.618554,2387,356951000,0.0,-2713,1,1,1,0,0,15,3
2025-10-06 12:51:21.619640,2387,356952000,0.0,-77,1,1,1,0,0,15,3
2025-10-06 12:51:22.618545,2387,356953000,0.0,2994,1,1,1,0,0,15,3
2025-10-06 12:51:23.618527,2387,356954000,0.0,-2245,1,1,1,0,0,15,3
2025-10-06 12:51:24.617540,2387,356955000,0.0,581,1,1,1,0,0,15,3
2025-10-06 12:51:25.617653,2387,356956000,0.0,-3879,1,1,1,0,0,15,3
2025-10-06 12:51:26.617643,2387,356957000,0.0,-784,1,1,1,0,0,15,3
2025-10-06 12:51:27.616668,2387,356958000,0.0,3006,1,1,1,0,0,15,3
2025-10-06 12:51:28.618604,2387,356959000,0.0,-1156,1,1,1,0,0,15,3
2025-10-06 12:51:29.617637,2387,356960000,0.0,2792,1,1,1,0,0,15,3
2025-10-06 12:51:30.618656,2387,356961000,0.0,-1570,1,1,1,0,0,15,3
2025-10-06 12:51:31.618731,2387,356962000,0.0,2425,1,1,1,0,0,15,3
2025-10-06 12:51:32.619765,2387,356963000,0.0,-1199,1,1,1,0,0,15,3
2025-10-06 12:51:33.616692,2387,356964000,0.0,2816,1,1,1,0,0,15,3
2025-10-06 12:51:34.618695,2387,356965000,0.0,-201,1,1,1,0,0,15,3
2025-10-06 12:51:35.618737,2387,356966000,0.0,-3742,1,1,1,0,0,15,3
2025-10-06 12:51:36.616772,2387,356967000,0.0,642,1,1,1,0,0,15,3
2025-10-06 12:51:37.617828,2387,356968000,0.0,-2908,1,1,1,0,0,15,3
2025-10-06 12:51:38.617758,2387,356969000,0.0,2104,1,1,1,0,0,15,3
2025-10-06 12:51:39.617793,2387,356970000,0.0,-1158,1,1,1,0,0,15,3
2025-10-06 12:51:40.618820,2387,356971000,0.0,-3766,1,1,1,0,0,15,3
2025-10-06 12:51:41.617838,2387,356972000,0.0,1215,1,1,1,0,0,15,3
2025-10-06 12:51:42.618854,2387,356973000,0.0,-1222,1,1,1,0,0,15,3
2025-10-06 12:51:43.618847,2387,356974000,0.0,-3729,1,1,1,0,0,15,3
2025-10-06 12:51:44.619854,2387,356975000,0.0,-3645,1,1,1,0,0,15,3
2025-10-06 12:51:45.617901,2387,356976000,0.0,2619,1,1,1,0,0,15,3
2025-10-06 12:51:46.618937,2387,356977000,0.0,962,1,1,1,0,0,15,3
2025-10-06 12:51:47.618047,2387,356978000,0.0,-1094,1,1,1,0,0,15,3
2025-10-06 12:51:48.616909,2387,356979000,0.0,-3275,1,1,1,0,0,15,3
2025-10-06 12:51:49.617939,2387,356980000,0.0,3127,1,1,1,0,0,15,3
2025-10-06 12:51:50.616945,2387,356981000,0.0,2032,1,1,1,0,0,15,3
2025-10-06 12:51:51.617943,2387,356982000,0.0,8,1,1,1,0,0,15,3
2025-10-06 12:51:52.616964,2387,356983000,0.0,-1596,1,1,1,0,0,15,3
2025-10-06 12:51:53.616976,2387,356984000,0.0,-2636,1,1,1,0,0,15,3
2025-10-06 12:51:54.616968,2387,356985000,0.0,3719,1,1,1,0,0,15,3
2025-10-06 12:51:55.617961,2387,356986000,0.0,2947,1,1,1,0,0,15,3
2025-10-06 12:51:56.616977,2387,356987000,0.0,2061,1,1,1,0,0,15,3
2025-10-06 12:51:57.617998,2387,356988000,0.0,1144,1,1,1,0,0,15,3
2025-10-06 12:51:58.617040,2387,356989000,0.0,897,1,1,1,0,0,15,3
2025-10-06 12:51:59.618995,2387,356990000,0.0,213,1,1,1,0,0,15,3
2025-10-06 12:52:00.616167,2387,356991000,0.0,187,1,1,1,0,0,15,3
2025-10-06 12:52:01.617271,2387,356992000,0.0,4,1,1,1,0,0,15,3
2025-10-06 12:52:02.618201,2387,356993000,0.0,216,1,1,1,0,0,15,3
2025-10-06 12:52:03.617203,2387,356994000,0.0,310,1,1,1,0,0,15,3
2025-10-06 12:52:04.618190,2387,356995000,0.0,48,1,1,1,0,0,15,3
2025-10-06 12:52:05.618191,2387,356996000,0.0,754,1,1,1,0,0,15,3
2025-10-06 12:52:06.616327,2387,356997000,0.0,1287,1,1,1,0,0,15,3
2025-10-06 12:52:07.617227,2387,356998000,0.0,1808,1,1,1,0,0,15,3
2025-10-06 12:52:08.617236,2387,356999000,0.0,2651,1,1,1,0,0,15,3
2025-10-06 12:52:09.617233,2387,357000000,0.0,3460,1,1,1,0,0,15,3
2025-10-06 12:52:10.617336,2387,357001000,0.0,-3271,1,1,1,0,0,15,3
2025-10-06 12:52:11.616377,2387,357002000,0.0,-1966,1,1,1,0,0,15,3
2025-10-06 12:52:12.617324,2387,357003000,0.0,-278,1,1,1,0,0,15,3
2025-10-06 12:52:13.617332,2387,357004000,0.0,924,1,1,1,0,0,15,3
2025-10-06 12:52:14.617316,2387,357005000,0.0,2784,1,1,1,0,0,15,3
2025-10-06 12:52:15.616486,2387,357006000,0.0,-3333,1,1,1,0,0,15,3
2025-10-06 12:52:16.617382,2387,357007000,0.0,-1301,1,1,1,0,0,15,3
2025-10-06 12:52:17.617381,2387,357008000,0.0,1036,1,1,1,0,0,15,3
2025-10-06 12:52:18.617395,2387,357009000,0.0,3189,1,1,1,0,0,15,3
2025-10-06 12:52:19.617428,2387,357010000,0.0,-2151,1,1,1,0,0,15,3
2025-10-06 12:52:20.616507,2387,357011000,0.0,1032,1,1,1,0,0,15,3
2025-10-06 12:52:21.616450,2387,357012000,0.0,-3819,1,1,1,0,0,15,3
2025-10-06 12:52:22.616572,2387,357013000,0.0,-671,1,1,1,0,0,15,3
2025-10-06 12:52:23.617460,2387,357014000,0.0,2882,1,1,1,0,0,15,3
2025-10-06 12:52:24.617499,2387,357015000,0.0,-1624,1,1,1,0,0,15,3
2025-10-06 12:52:25.618515,2387,357016000,0.0,-1377,1,1,1,0,0,15,3
2025-10-06 12:52:26.617587,2387,357017000,0.0,2191,1,1,1,0,0,15,3
2025-10-06 12:52:27.616542,2387,357018000,0.0,-1896,1,1,1,0,0,15,3
2025-10-06 12:52:28.617558,2387,357019000,0.0,2355,1,1,1,0,0,15,3
2025-10-06 12:52:29.616569,2387,357020000,0.0,-1979,1,1,1,0,0,15,3
2025-10-06 12:52:30.616564,2387,357021000,0.0,1934,1,1,1,0,0,15,3
2025-10-06 12:52:31.618564,2387,357022000,0.0,-1931,1,1,1,0,0,15,3
2025-10-06 12:52:32.617585,2387,357023000,0.0,1743,1,1,1,0,0,15,3
2025-10-06 12:52:33.617587,2387,357024000,0.0,-1534,1,1,1,0,0,15,3
2025-10-06 12:52:34.617603,2387,357025000,0.0,2802,1,1,1,0,0,15,3
2025-10-06 12:52:35.617583,2387,357026000,0.0,-1029,1,1,1,0,0,15,3
2025-10-06 12:52:36.617606,2387,357027000,0.0,3388,1,1,1,0,0,15,3
2025-10-06 12:52:37.617617,2387,357028000,0.0,-74,1,1,1,0,0,15,3
2025-10-06 12:52:38.617633,2387,357029000,0.0,-3625,1,1,1,0,0,15,3
2025-10-06 12:52:39.616831,2387,357030000,0.0,1093,1,1,1,0,0,15,3
2025-10-06 12:52:40.618641,2387,357031000,0.0,-2116,1,1,1,0,0,15,3
2025-10-06 12:52:41.618662,2387,357032000,0.0,2690,1,1,1,0,0,15,3
2025-10-06 12:52:42.617843,2387,357033000,0.0,-47,1,1,1,0,0,15,3
2025-10-06 12:52:43.617832,2387,357034000,0.0,-2337,1,1,1,0,0,15,3
2025-10-06 12:52:44.619786,2387,357035000,0.0,2516,1,1,1,0,0,15,3
2025-10-06 12:52:45.617783,2387,357036000,0.0,381,1,1,1,0,0,15,3
2025-10-06 12:52:46.617844,2387,357037000,0.0,-2179,1,1,1,0,0,15,3
2025-10-06 12:52:47.615964,2387,357038000,0.0,3659,1,1,1,0,0,15,3
2025-10-06 12:52:48.615939,2387,357039000,0.0,2190,1,1,1,0,0,15,3
2025-10-06 12:52:49.616894,2387,357040000,0.0,890,1,1,1,0,0,15,3
2025-10-06 12:52:50.617920,2387,357041000,0.0,-471,1,1,1,0,0,15,3
2025-10-06 12:52:51.616975,2387,357042000,0.0,-1127,1,1,1,0,0,15,3
2025-10-06 12:52:52.616939,2387,357043000,0.0,-2245,1,1,1,0,0,15,3
2025-10-06 12:52:53.616959,2387,357044000,0.0,-3261,1,1,1,0,0,15,3
2025-10-06 12:52:54.617016,2387,357045000,0.0,3705,1,1,1,0,0,15,3
2025-10-06 12:52:55.617994,2387,357046000,0.0,3018,1,1,1,0,0,15,3
2025-10-06 12:52:56.615988,2387,357047000,0.0,2788,1,1,1,0,0,15,3
2025-10-06 12:52:57.617010,2387,357048000,0.0,2693,1,1,1,0,0,15,3
2025-10-06 12:52:58.618015,2387,357049000,0.0,2555,1,1,1,0,0,15,3
2025-10-06 12:52:59.616113,2387,357050000,0.0,2673,1,1,1,0,0,15,3
2025-10-06 12:53:00.618114,2387,357051000,0.0,3106,1,1,1,0,0,15,3
2025-10-06 12:53:01.618085,2387,357052000,0.0,3588,1,1,1,0,0,15,3
2025-10-06 12:53:02.616100,2387,357053000,0.0,-3919,1,1,1,0,0,15,3
2025-10-06 12:53:03.617111,2387,357054000,0.0,-3657,1,1,1,0,0,15,3
2025-10-06 12:53:04.618135,2387,357055000,0.0,-3193,1,1,1,0,0,15,3
2025-10-06 12:53:05.616149,2387,357056000,0.0,-2945,1,1,1,0,0,15,3
2025-10-06 12:53:06.618139,2387,357057000,0.0,-1929,1,1,1,0,0,15,3
2025-10-06 12:53:07.616176,2387,357058000,0.0,-1076,1,1,1,0,0,15,3
2025-10-06 12:53:08.617204,2387,357059000,0.0,-310,1,1,1,0,0,15,3
2025-10-06 12:53:09.617183,2387,357060000,0.0,725,1,1,1,0,0,15,3
2025-10-06 12:53:10.617196,2387,357061000,0.0,1668,1,1,1,0,0,15,3
2025-10-06 12:53:11.616200,2387,357062000,0.0,3263,1,1,1,0,0,15,3
2025-10-06 12:53:12.617259,2387,357063000,0.0,-2345,1,1,1,0,0,15,3
2025-10-06 12:53:13.618207,2387,357064000,0.0,-676,1,1,1,0,0,15,3
2025-10-06 12:53:14.617236,2387,357065000,0.0,1155,1,1,1,0,0,15,3
2025-10-06 12:53:15.616243,2387,357066000,0.0,3260,1,1,1,0,0,15,3
2025-10-06 12:53:16.618239,2387,357067000,0.0,-2496,1,1,1,0,0,15,3
2025-10-06 12:53:17.618250,2387,357068000,0.0,-712,1,1,1,0,0,15,3
2025-10-06 12:53:18.616263,2387,357069000,0.0,1177,1,1,1,0,0,15,3
2025-10-06 12:53:19.617397,2387,357070000,0.0,3759,1,1,1,0,0,15,3
2025-10-06 12:53:20.617384,2387,357071000,0.0,-1678,1,1,1,0,0,15,3
2025-10-06 12:53:21.616470,2387,357072000,0.0,1456,1,1,1,0,0,15,3
2025-10-06 12:53:22.617462,2387,357073000,0.0,-3595,1,1,1,0,0,15,3
2025-10-06 12:53:23.617369,2387,357074000,0.0,-966,1,1,1,0,0,15,3
2025-10-06 12:53:24.617411,2387,357075000,0.0,1997,1,1,1,0,0,15,3
2025-10-06 12:53:25.617470,2387,357076000,0.0,-2923,1,1,1,0,0,15,3
2025-10-06 12:53:26.616545,2387,357077000,0.0,396,1,1,1,0,0,15,3
2025-10-06 12:53:27.617483,2387,357078000,0.0,3591,1,1,1,0,0,15,3
2025-10-06 12:53:28.617590,2387,357079000,0.0,-890,1,1,1,0,0,15,3
2025-10-06 12:53:29.617514,2387,357080000,0.0,2092,1,1,1,0,0,15,3
2025-10-06 12:53:30.616580,2387,357081000,0.0,-2398,1,1,1,0,0,15,3
2025-10-06 12:53:31.617548,2387,357082000,0.0,1521,1,1,1,0,0,15,3
2025-10-06 12:53:32.616580,2387,357083000,0.0,-2379,1,1,1,0,0,15,3
2025-10-06 12:53:33.616567,2387,357084000,0.0,1721,1,1,1,0,0,15,3
2025-10-06 12:53:34.617595,2387,357085000,0.0,-1913,1,1,1,0,0,15,3
2025-10-06 12:53:35.615601,2387,357086000,0.0,2914,1,1,1,0,0,15,3
2025-10-06 12:53:36.616712,2387,357087000,0.0,-346,1,1,1,0,0,15,3
2025-10-06 12:53:37.616605,2387,357088000,0.0,-3313,1,1,1,0,0,15,3
2025-10-06 12:53:38.617646,2387,357089000,0.0,1911,1,1,1,0,0,15,3
2025-10-06 12:53:39.616693,2387,357090000,0.0,-967,1,1,1,0,0,15,3
2025-10-06 12:53:40.615753,2387,357091000,0.0,-3676,1,1,1,0,0,15,3
2025-10-06 12:53:41.617702,2387,357092000,0.0,2554,1,1,1,0,0,15,3
2025-10-06 12:53:42.615700,2387,357093000,0.0,567,1,1,1,0,0,15,3
2025-10-06 12:53:43.617711,2387,357094000,0.0,-1378,1,1,1,0,0,15,3
2025-10-06 12:53:44.616833,2387,357095000,0.0,-3734,1,1,1,0,0,15,3
2025-10-06 12:53:45.615761,2387,357096000,0.0,2738,1,1,1,0,0,15,3
2025-10-06 12:53:46.616783,2387,357097000,0.0,522,1,1,1,0,0,15,3
2025-10-06 12:53:47.616766,2387,357098000,0.0,-1165,1,1,1,0,0,15,3
2025-10-06 12:53:48.615877,2387,357099000,0.0,-2393,1,1,1,0,0,15,3
2025-10-06 12:53:49.617802,2387,357100000,0.0,3771,1,1,1,0,0,15,3
2025-10-06 12:53:50.615852,2387,357101000,0.0,2563,1,1,1,0,0,15,3
2025-10-06 12:53:51.616848,2387,357102000,0.0,1199,1,1,1,0,0,15,3
2025-10-06 12:53:52.616841,2387,357103000,0.0,30,1,1,1,0,0,15,3
2025-10-06 12:53:53.615828,2387,357104000,0.0,-2829,1,1,1,0,0,15,3
2025-10-06 12:53:54.615860,2387,357105000,0.0,2934,1,1,1,0,0,15,3
2025-10-06 12:53:55.617909,2387,357106000,0.0,738,1,1,1,0,0,15,3
2025-10-06 12:53:56.615882,2387,357107000,0.0,-2083,1,1,1,0,0,15,3
2025-10-06 12:53:57.615866,2387,357108000,0.0,-3137,1,1,1,0,0,15,3
2025-10-06 12:53:58.617059,2387,357109000,0.0,3222,1,1,1,0,0,15,3
2025-10-06 12:53:59.615901,2387,357110000,0.0,1604,1,1,1,0,0,15,3
2025-10-06 12:54:00.617165,2387,357111000,0.0,993,1,1,1,0,0,15,3
2025-10-06 12:54:01.617918,2387,357112000,0.0,246,1,1,1,0,0,15,3
2025-10-06 12:54:02.617931,2387,357113000,0.0,-107,1,1,1,0,0,15,3
2025-10-06 12:54:03.616176,2387,357114000,0.0,-881,1,1,1,0,0,15,3
2025-10-06 12:54:04.617172,2387,357115000,0.0,-1626,1,1,1,0,0,15,3
2025-10-06 12:54:05.617175,2387,357116000,0.0,-1120,1,1,1,0,0,15,3
2025-10-06 12:54:06.615163,2387,357117000,0.0,-1038,1,1,1,0,0,15,3
2025-10-06 12:54:07.617184,2387,357118000,0.0,-45,1,1,1,0,0,15,3
2025-10-06 12:54:08.616172,2387,357119000,0.0,-241,1,1,1,0,0,15,3
2025-10-06 12:54:09.616150,2387,357120000,0.0,-24,1,1,1,0,0,15,3
2025-10-06 12:54:10.617204,2387,357121000,0.0,923,1,1,1,0,0,15,3
2025-10-06 12:54:11.617226,2387,357122000,0.0,1899,1,1,1,0,0,15,3
2025-10-06 12:54:12.616284,2387,357123000,0.0,-3744,1,1,1,0,0,15,3
2025-10-06 12:54:13.616226,2387,357124000,0.0,-2418,1,1,1,0,0,15,3
2025-10-06 12:54:14.617287,2387,357125000,0.0,-787,1,1,1,0,0,15,3
2025-10-06 12:54:15.616251,2387,357126000,0.0,-638,1,1,1,0,0,15,3
2025-10-06 12:54:16.617262,2387,357127000,0.0,-745,1,1,1,0,0,15,3
2025-10-06 12:54:17.615298,2387,357128000,0.0,486,1,1,1,0,0,15,3
2025-10-06 12:54:18.615400,2387,357129000,0.0,2814,1,1,1,0,0,15,3
2025-10-06 12:54:19.617308,2387,357130000,0.0,-3362,1,1,1,0,0,15,3
2025-10-06 12:54:20.615364,2387,357131000,0.0,813,1,1,1,0,0,15,3
2025-10-06 12:54:21.616327,2387,357132000,0.0,2440,1,1,1,0,0,15,3
2025-10-06 12:54:22.617341,2387,357133000,0.0,-1327,1,1,1,0,0,15,3
2025-10-06 12:54:23.615439,2387,357134000,0.0,1364,1,1,1,0,0,15,3
2025-10-06 12:54:24.616376,2387,357135000,0.0,3149,1,1,1,0,0,15,3
2025-10-06 12:54:25.616389,2387,357136000,0.0,-3892,1,1,1,0,0,15,3
2025-10-06 12:54:26.616487,2387,357137000,0.0,-2968,1,1,1,0,0,15,3
2025-10-06 12:54:27.615421,2387,357138000,0.0,-1077,1,1,1,0,0,15,3
2025-10-06 12:54:28.616435,2387,357139000,0.0,-1977,1,1,1,0,0,15,3
2025-10-06 12:54:29.617454,2387,357140000,0.0,-269,1,1,1,0,0,15,3
2025-10-06 12:54:30.616469,2387,357141000,0.0,871,1,1,1,0,0,15,3
2025-10-06 12:54:31.616481,2387,357142000,0.0,3681,1,1,1,0,0,15,3
2025-10-06 12:54:32.615463,2387,357143000,0.0,-1116,1,1,1,0,0,15,3
2025-10-06 12:54:33.616482,2387,357144000,0.0,2933,1,1,1,0,0,15,3
2025-10-06 12:54:34.616497,2387,357145000,0.0,-2413,1,1,1,0,0,15,3
2025-10-06 12:54:35.615514,2387,357146000,0.0,-442,1,1,1,0,0,15,3
2025-10-06 12:54:36.616509,2387,357147000,0.0,1102,1,1,1,0,0,15,3
2025-10-06 12:54:37.616495,2387,357148000,0.0,-3051,1,1,1,0,0,15,3
2025-10-06 12:54:38.615507,2387,357149000,0.0,1754,1,1,1,0,0,15,3
2025-10-06 12:54:39.615528,2387,357150000,0.0,-2540,1,1,1,0,0,15,3
2025-10-06 12:54:40.616604,2387,357151000,0.0,-238,1,1,1,0,0,15,3
2025-10-06 12:54:41.616532,2387,357152000,0.0,2905,1,1,1,0,0,15,3
2025-10-06 12:54:42.616718,2387,357153000,0.0,373,1,1,1,0,0,15,3
2025-10-06 12:54:43.616713,2387,357154000,0.0,-2613,1,1,1,0,0,15,3
2025-10-06 12:54:44.616708,2387,357155000,0.0,1711,1,1,1,0,0,15,3
2025-10-06 12:54:45.614702,2387,357156000,0.0,223,1,1,1,0,0,15,3
2025-10-06 12:54:46.616721,2387,357157000,0.0,-2284,1,1,1,0,0,15,3
2025-10-06 12:54:47.616850,2387,357158000,0.0,2131,1,1,1,0,0,15,3
2025-10-06 12:54:48.615862,2387,357159000,0.0,-716,1,1,1,0,0,15,3
2025-10-06 12:54:49.616763,2387,357160000,0.0,3528,1,1,1,0,0,15,3
2025-10-06 12:54:50.616780,2387,357161000,0.0,2692,1,1,1,0,0,15,3
2025-10-06 12:54:51.616795,2387,357162000,0.0,1161,1,1,1,0,0,15,3
2025-10-06 12:54:52.617815,2387,357163000,0.0,1803,1,1,1,0,0,15,3
2025-10-06 12:54:53.616824,2387,357164000,0.0,347,1,1,1,0,0,15,3
2025-10-06 12:54:54.614815,2387,357165000,0.0,-960,1,1,1,0,0,15,3
2025-10-06 12:54:55.616919,2387,357166000,0.0,-2902,1,1,1,0,0,15,3
2025-10-06 12:54:56.614874,2387,357167000,0.0,-3327,1,1,1,0,0,15,3
2025-10-06 12:54:57.614963,2387,357168000,0.0,-2745,1,1,1,0,0,15,3
2025-10-06 12:54:58.615899,2387,357169000,0.0,-1397,1,1,1,0,0,15,3
2025-10-06 12:54:59.615902,2387,357170000,0.0,-427,1,1,1,0,0,15,3
2025-10-06 12:55:00.615975,2387,357171000,0.0,-611,1,1,1,0,0,15,3
2025-10-06 12:55:01.616967,2387,357172000,0.0,1661,1,1,1,0,0,15,3
2025-10-06 12:55:02.615950,2387,357173000,0.0,1921,1,1,1,0,0,15,3
2025-10-06 12:55:03.614985,2387,357174000,0.0,2645,1,1,1,0,0,15,3
2025-10-06 12:55:04.616012,2387,357175000,0.0,-2659,1,1,1,0,0,15,3
2025-10-06 12:55:05.616022,2387,357176000,0.0,-1448,1,1,1,0,0,15,3
2025-10-06 12:55:06.615100,2387,357177000,0.0,1066,1,1,1,0,0,15,3
2025-10-06 12:55:07.616996,2387,357178000,0.0,1601,1,1,1,0,0,15,3
2025-10-06 12:55:08.616132,2387,357179000,0.0,-3351,1,1,1,0,0,15,3
2025-10-06 12:55:09.615094,2387,357180000,0.0,-1865,1,1,1,0,0,15,3
2025-10-06 12:55:10.616099,2387,357181000,0.0,-1154,1,1,1,0,0,15,3
2025-10-06 12:55:11.616102,2387,357182000,0.0,1592,1,1,1,0,0,15,3
2025-10-06 12:55:12.615115,2387,357183000,0.0,-2901,1,1,1,0,0,15,3
2025-10-06 12:55:13.617107,2387,357184000,0.0,617,1,1,1,0,0,15,3
2025-10-06 12:55:14.616128,2387,357185000,0.0,-2481,1,1,1,0,0,15,3
2025-10-06 12:55:15.615135,2387,357186000,0.0,571,1,1,1,0,0,15,3
2025-10-06 12:55:16.616143,2387,357187000,0.0,-3789,1,1,1,0,0,15,3
2025-10-06 12:55:17.616155,2387,357188000,0.0,550,1,1,1,0,0,15,3
2025-10-06 12:55:18.616144,2387,357189000,0.0,-2660,1,1,1,0,0,15,3
2025-10-06 12:55:19.615157,2387,357190000,0.0,1785,1,1,1,0,0,15,3
2025-10-06 12:55:20.615173,2387,357191000,0.0,-1659,1,1,1,0,0,15,3
2025-10-06 12:55:21.616207,2387,357192000,0.0,3275,1,1,1,0,0,15,3
2025-10-06 12:55:22.616223,2387,357193000,0.0,-398,1,1,1,0,0,15,3
2025-10-06 12:55:23.616225,2387,357194000,0.0,-2487,1,1,1,0,0,15,3
2025-10-06 12:55:24.616362,2387,357195000,0.0,1791,1,1,1,0,0,15,3
2025-10-06 12:55:25.616423,2387,357196000,0.0,-2435,1,1,1,0,0,15,3
2025-10-06 12:55:26.615446,2387,357197000,0.0,2553,1,1,1,0,0,15,3
2025-10-06 12:55:27.616449,2387,357198000,0.0,2240,1,1,1,0,0,15,3
2025-10-06 12:55:28.616434,2387,357199000,0.0,-825,1,1,1,0,0,15,3
2025-10-06 12:55:29.614462,2387,357200000,0.0,-2932,1,1,1,0,0,15,3
2025-10-06 12:55:30.615402,2387,357201000,0.0,2551,1,1,1,0,0,15,3
2025-10-06 12:55:31.616420,2387,357202000,0.0,387,1,1,1,0,0,15,3
2025-10-06 12:55:32.615513,2387,357203000,0.0,-847,1,1,1,0,0,15,3
2025-10-06 12:55:33.616447,2387,357204000,0.0,-1580,1,1,1,0,0,15,3
2025-10-06 12:55:34.616445,2387,357205000,0.0,-2777,1,1,1,0,0,15,3
2025-10-06 12:55:35.615457,2387,357206000,0.0,-3000,1,1,1,0,0,15,3
2025-10-06 12:55:36.615528,2387,357207000,0.0,2366,1,1,1,0,0,15,3
2025-10-06 12:55:37.615571,2387,357208000,0.0,-554,1,1,1,0,0,15,3
2025-10-06 12:55:38.615502,2387,357209000,0.0,-1544,1,1,1,0,0,15,3
2025-10-06 12:55:39.615648,2387,357210000,0.0,-2945,1,1,1,0,0,15,3
2025-10-06 12:55:40.614560,2387,357211000,0.0,-1796,1,1,1,0,0,15,3
2025-10-06 12:55:41.615576,2387,357212000,0.0,-690,1,1,1,0,0,15,3
2025-10-06 12:55:42.614584,2387,357213000,0.0,-805,1,1,1,0,0,15,3
2025-10-06 12:55:43.615591,2387,357214000,0.0,-1353,1,1,1,0,0,15,3
2025-10-06 12:55:44.614622,2387,357215000,0.0,-2359,1,1,1,0,0,15,3
2025-10-06 12:55:45.615667,2387,357216000,0.0,-1835,1,1,1,0,0,15,3
2025-10-06 12:55:46.616630,2387,357217000,0.0,-1556,1,1,1,0,0,15,3
2025-10-06 12:55:47.614646,2387,357218000,0.0,164,1,1,1,0,0,15,3
2025-10-06 12:55:48.615662,2387,357219000,0.0,1572,1,1,1,0,0,15,3
2025-10-06 12:55:49.615697,2387,357220000,0.0,-3418,1,1,1,0,0,15,3
2025-10-06 12:55:50.614786,2387,357221000,0.0,-3323,1,1,1,0,0,15,3
2025-10-06 12:55:51.615730,2387,357222000,0.0,-3297,1,1,1,0,0,15,3
2025-10-06 12:55:52.614731,2387,357223000,0.0,-3166,1,1,1,0,0,15,3
2025-10-06 12:55:53.615745,2387,357224000,0.0,-2247,1,1,1,0,0,15,3
2025-10-06 12:55:54.614762,2387,357225000,0.0,-622,1,1,1,0,0,15,3
2025-10-06 12:55:55.616751,2387,357226000,0.0,1196,1,1,1,0,0,15,3
2025-10-06 12:55:56.615770,2387,357227000,0.0,2572,1,1,1,0,0,15,3
2025-10-06 12:55:57.614771,2387,357228000,0.0,-2972,1,1,1,0,0,15,3
2025-10-06 12:55:58.616755,2387,357229000,0.0,-1409,1,1,1,0,0,15,3
2025-10-06 12:55:59.614778,2387,357230000,0.0,-475,1,1,1,0,0,15,3
2025-10-06 12:56:00.615821,2387,357231000,0.0,411,1,1,1,0,0,15,3
2025-10-06 12:56:01.614818,2387,357232000,0.0,3489,1,1,1,0,0,15,3
2025-10-06 12:56:02.617030,2387,357233000,0.0,-497,1,1,1,0,0,15,3
2025-10-06 12:56:03.615861,2387,357234000,0.0,1698,1,1,1,0,0,15,3
2025-10-06 12:56:04.616033,2387,357235000,0.0,-3744,1,1,1,0,0,15,3
2025-10-06 12:56:05.615991,2387,357236000,0.0,-253,1,1,1,0,0,15,3
2025-10-06 12:56:06.615916,2387,357237000,0.0,1401,1,1,1,0,0,15,3
2025-10-06 12:56:07.615962,2387,357238000,0.0,3751,1,1,1,0,0,15,3
2025-10-06 12:56:08.615107,2387,357239000,0.0,-769,1,1,1,0,0,15,3
2025-10-06 12:56:09.615104,2387,357240000,0.0,1425,1,1,1,0,0,15,3
2025-10-06 12:56:10.615098,2387,357241000,0.0,3528,1,1,1,0,0,15,3
2025-10-06 12:56:11.615143,2387,357242000,0.0,-2081,1,1,1,0,0,15,3
2025-10-06 12:56:12.615142,2387,357243000,0.0,-196,1,1,1,0,0,15,3
2025-10-06 12:56:13.617091,2387,357244000,0.0,2415,1,1,1,0,0,15,3
2025-10-06 12:56:14.615098,2387,357245000,0.0,-1963,1,1,1,0,0,15,3
2025-10-06 12:56:15.615117,2387,357246000,0.0,1240,1,1,1,0,0,15,3
2025-10-06 12:56:16.615127,2387,357247000,0.0,-2962,1,1,1,0,0,15,3
2025-10-06 12:56:17.615131,2387,357248000,0.0,575,1,1,1,0,0,15,3
2025-10-06 12:56:18.616168,2387,357249000,0.0,3755,1,1,1,0,0,15,3
2025-10-06 12:56:19.615228,2387,357250000,0.0,-584,1,1,1,0,0,15,3
2025-10-06 12:56:20.616199,2387,357251000,0.0,3472,1,1,1,0,0,15,3
2025-10-06 12:56:21.615197,2387,357252000,0.0,-570,1,1,1,0,0,15,3
2025-10-06 12:56:22.616229,2387,357253000,0.0,-3380,1,1,1,0,0,15,3
2025-10-06 12:56:23.616245,2387,357254000,0.0,768,1,1,1,0,0,15,3
2025-10-06 12:56:24.614247,2387,357255000,0.0,-2367,1,1,1,0,0,15,3
2025-10-06 12:56:25.616263,2387,357256000,0.0,3013,1,1,1,0,0,15,3
2025-10-06 12:56:26.614283,2387,357257000,0.0,1759,1,1,1,0,0,15,3
2025-10-06 12:56:27.614352,2387,357258000,0.0,-1222,1,1,1,0,0,15,3
2025-10-06 12:56:28.615302,2387,357259000,0.0,2213,1,1,1,0,0,15,3
2025-10-06 12:56:29.615329,2387,357260000,0.0,-539,1,1,1,0,0,15,3
2025-10-06 12:56:30.615341,2387,357261000,0.0,-1889,1,1,1,0,0,15,3
2025-10-06 12:56:31.615355,2387,357262000,0.0,3442,1,1,1,0,0,15,3
2025-10-06 12:56:32.614355,2387,357263000,0.0,1820,1,1,1,0,0,15,3
2025-10-06 12:56:33.614370,2387,357264000,0.0,-1013,1,1,1,0,0,15,3
2025-10-06 12:56:34.615502,2387,357265000,0.0,-3426,1,1,1,0,0,15,3
2025-10-06 12:56:35.614383,2387,357266000,0.0,1965,1,1,1,0,0,15,3
2025-10-06 12:56:36.615395,2387,357267000,0.0,-14,1,1,1,0,0,15,3
2025-10-06 12:56:37.615413,2387,357268000,0.0,-2759,1,1,1,0,0,15,3
2025-10-06 12:56:38.614408,2387,357269000,0.0,3711,1,1,1,0,0,15,3
2025-10-06 12:56:39.615401,2387,357270000,0.0,2306,1,1,1,0,0,15,3
2025-10-06 12:56:40.617422,2387,357271000,0.0,2635,1,1,1,0,0,15,3
2025-10-06 12:56:41.614443,2387,357272000,0.0,1990,1,1,1,0,0,15,3
2025-10-06 12:56:42.615424,2387,357273000,0.0,2616,1,1,1,0,0,15,3
2025-10-06 12:56:43.616444,2387,357274000,0.0,2870,1,1,1,0,0,15,3
2025-10-06 12:56:44.616456,2387,357275000,0.0,1720,1,1,1,0,0,15,3
2025-10-06 12:56:45.614469,2387,357276000,0.0,479,1,1,1,0,0,15,3
2025-10-06 12:56:46.615671,2387,357277000,0.0,-767,1,1,1,0,0,15,3
2025-10-06 12:56:47.614716,2387,357278000,0.0,-1069,1,1,1,0,0,15,3
2025-10-06 12:56:48.615622,2387,357279000,0.0,-956,1,1,1,0,0,15,3
2025-10-06 12:56:49.615713,2387,357280000,0.0,-840,1,1,1,0,0,15,3
2025-10-06 12:56:50.614693,2387,357281000,0.0,1317,1,1,1,0,0,15,3
2025-10-06 12:56:51.614718,2387,357282000,0.0,496,1,1,1,0,0,15,3
2025-10-06 12:56:52.615676,2387,357283000,0.0,1825,1,1,1,0,0,15,3
2025-10-06 12:56:53.615699,2387,357284000,0.0,2692,1,1,1,0,0,15,3
2025-10-06 12:56:54.613730,2387,357285000,0.0,2871,1,1,1,0,0,15,3
2025-10-06 12:56:55.615733,2387,357286000,0.0,-2506,1,1,1,0,0,15,3
2025-10-06 12:56:56.615742,2387,357287000,0.0,-2046,1,1,1,0,0,15,3
2025-10-06 12:56:57.615759,2387,357288000,0.0,-1767,1,1,1,0,0,15,3
2025-10-06 12:56:58.615758,2387,357289000,0.0,-1490,1,1,1,0,0,15,3
2025-10-06 12:56:59.613864,2387,357290000,0.0,-1325,1,1,1,0,0,15,3
2025-10-06 12:57:00.614850,2387,357291000,0.0,-420,1,1,1,0,0,15,3
2025-10-06 12:57:01.615879,2387,357292000,0.0,242,1,1,1,0,0,15,3
2025-10-06 12:57:02.614850,2387,357293000,0.0,202,1,1,1,0,0,15,3
2025-10-06 12:57:03.614900,2387,357294000,0.0,2937,1,1,1,0,0,15,3
2025-10-06 12:57:04.615877,2387,357295000,0.0,-2753,1,1,1,0,0,15,3
2025-10-06 12:57:05.613870,2387,357296000,0.0,-2034,1,1,1,0,0,15,3
2025-10-06 12:57:06.615009,2387,357297000,0.0,-1702,1,1,1,0,0,15,3
2025-10-06 12:57:07.614910,2387,357298000,0.0,-628,1,1,1,0,0,15,3
2025-10-06 12:57:08.614915,2387,357299000,0.0,-39,1,1,1,0,0,15,3
2025-10-06 12:57:09.613956,2387,357300000,0.0,1709,1,1,1,0,0,15,3
2025-10-06 12:57:10.614966,2387,357301000,0.0,3140,1,1,1,0,0,15,3
2025-10-06 12:57:11.614996,2387,357302000,0.0,-3048,1,1,1,0,0,15,3
2025-10-06 12:57:12.614002,2387,357303000,0.0,-1383,1,1,1,0,0,15,3
2025-10-06 12:57:13.615003,2387,357304000,0.0,2220,1,1,1,0,0,15,3
2025-10-06 12:57:14.615991,2387,357305000,0.0,-2143,1,1,1,0,0,15,3
2025-10-06 12:57:15.614079,2387,357306000,0.0,233,1,1,1,0,0,15,3
2025-10-06 12:57:16.615027,2387,357307000,0.0,580,1,1,1,0,0,15,3
2025-10-06 12:57:17.614019,2387,357308000,0.0,3111,1,1,1,0,0,15,3
2025-10-06 12:57:18.614038,2387,357309000,0.0,-1719,1,1,1,0,0,15,3
2025-10-06 12:57:19.615027,2387,357310000,0.0,2888,1,1,1,0,0,15,3
2025-10-06 12:57:20.614045,2387,357311000,0.0,-1910,1,1,1,0,0,15,3
2025-10-06 12:57:21.614057,2387,357312000,0.0,1759,1,1,1,0,0,15,3
2025-10-06 12:57:22.616087,2387,357313000,0.0,-918,1,1,1,0,0,15,3
2025-10-06 12:57:23.616069,2387,357314000,0.0,-3617,1,1,1,0,0,15,3
2025-10-06 12:57:24.616090,2387,357315000,0.0,1422,1,1,1,0,0,15,3
2025-10-06 12:57:25.616106,2387,357316000,0.0,-1462,1,1,1,0,0,15,3
2025-10-06 12:57:26.615326,2387,357317000,0.0,-3585,1,1,1,0,0,15,3
2025-10-06 12:57:27.613292,2387,357318000,0.0,81,1,1,1,0,0,15,3
2025-10-06 12:57:28.615321,2387,357319000,0.0,-3067,1,1,1,0,0,15,3
2025-10-06 12:57:29.616252,2387,357320000,0.0,1715,1,1,1,0,0,15,3
2025-10-06 12:57:30.613337,2387,357321000,0.0,96,1,1,1,0,0,15,3
2025-10-06 12:57:31.614286,2387,357322000,0.0,-2684,1,1,1,0,0,15,3
2025-10-06 12:57:32.614283,2387,357323000,0.0,3724,1,1,1,0,0,15,3
2025-10-06 12:57:33.614313,2387,357324000,0.0,2977,1,1,1,0,0,15,3
2025-10-06 12:57:34.615333,2387,357325000,0.0,392,1,1,1,0,0,15,3
2025-10-06 12:57:35.614419,2387,357326000,0.0,-552,1,1,1,0,0,15,3
2025-10-06 12:57:36.613376,2387,357327000,0.0,-1045,1,1,1,0,0,15,3
2025-10-06 12:57:37.614457,2387,357328000,0.0,-2205,1,1,1,0,0,15,3
2025-10-06 12:57:38.614415,2387,357329000,0.0,-3369,1,1,1,0,0,15,3
2025-10-06 12:57:39.615417,2387,357330000,0.0,-2843,1,1,1,0,0,15,3
2025-10-06 12:57:40.615441,2387,357331000,0.0,3030,1,1,1,0,0,15,3
2025-10-06 12:57:41.613456,2387,357332000,0.0,3588,1,1,1,0,0,15,3
2025-10-06 12:57:42.614538,2387,357333000,0.0,2534,1,1,1,0,0,15,3
2025-10-06 12:57:43.614483,2387,357334000,0.0,2566,1,1,1,0,0,15,3
2025-10-06 12:57:44.613587,2387,357335000,0.0,2341,1,1,1,0,0,15,3
2025-10-06 12:57:45.613510,2387,357336000,0.0,3545,1,1,1,0,0,15,3
2025-10-06 12:57:46.614528,2387,357337000,0.0,-2602,1,1,1,0,0,15,3
2025-10-06 12:57:47.613648,2387,357338000,0.0,-3263,1,1,1,0,0,15,3
2025-10-06 12:57:48.613552,2387,357339000,0.0,-3126,1,1,1,0,0,15,3
2025-10-06 12:57:49.614575,2387,357340000,0.0,2835,1,1,1,0,0,15,3
2025-10-06 12:57:50.615605,2387,357341000,0.0,1525,1,1,1,0,0,15,3
2025-10-06 12:57:51.614602,2387,357342000,0.0,979,1,1,1,0,0,15,3
2025-10-06 12:57:52.613625,2387,357343000,0.0,1769,1,1,1,0,0,15,3
2025-10-06 12:57:53.614637,2387,357344000,0.0,1749,1,1,1,0,0,15,3
2025-10-06 12:57:54.613614,2387,357345000,0.0,2478,1,1,1,0,0,15,3
2025-10-06 12:57:55.615626,2387,357346000,0.0,3440,1,1,1,0,0,15,3
2025-10-06 12:57:56.614641,2387,357347000,0.0,2622,1,1,1,0,0,15,3
2025-10-06 12:57:57.612715,2387,357348000,0.0,3244,1,1,1,0,0,15,3
2025-10-06 12:57:58.613655,2387,357349000,0.0,3170,1,1,1,0,0,15,3
2025-10-06 12:57:59.613668,2387,357350000,0.0,-1552,1,1,1,0,0,15,3
2025-10-06 12:58:00.613706,2387,357351000,0.0,-1086,1,1,1,0,0,15,3
2025-10-06 12:58:01.613774,2387,357352000,0.0,-184,1,1,1,0,0,15,3
2025-10-06 12:58:02.614705,2387,357353000,0.0,-394,1,1,1,0,0,15,3
2025-10-06 12:58:03.612913,2387,357354000,0.0,1860,1,1,1,0,0,15,3
2025-10-06 12:58:04.613935,2387,357355000,0.0,3154,1,1,1,0,0,15,3
2025-10-06 12:58:05.614763,2387,357356000,0.0,-1701,1,1,1,0,0,15,3
2025-10-06 12:58:06.613962,2387,357357000,0.0,1389,1,1,1,0,0,15,3
2025-10-06 12:58:07.613963,2387,357358000,0.0,-924,1,1,1,0,0,15,3
2025-10-06 12:58:08.614884,2387,357359000,0.0,3067,1,1,1,0,0,15,3
2025-10-06 12:58:09.612887,2387,357360000,0.0,3131,1,1,1,0,0,15,3
2025-10-06 12:58:10.613953,2387,357361000,0.0,-3032,1,1,1,0,0,15,3
2025-10-06 12:58:11.613924,2387,357362000,0.0,-907,1,1,1,0,0,15,3
2025-10-06 12:58:12.614068,2387,357363000,0.0,2210,1,1,1,0,0,15,3
2025-10-06 12:58:13.614086,2387,357364000,0.0,-2223,1,1,1,0,0,15,3
2025-10-06 12:58:14.614049,2387,357365000,0.0,372,1,1,1,0,0,15,3
2025-10-06 12:58:15.613938,2387,357366000,0.0,-3083,1,1,1,0,0,15,3
2025-10-06 12:58:16.615002,2387,357367000,0.0,-659,1,1,1,0,0,15,3
2025-10-06 12:58:17.614017,2387,357368000,0.0,3553,1,1,1,0,0,15,3
2025-10-06 12:58:18.614029,2387,357369000,0.0,509,1,1,1,0,0,15,3
2025-10-06 12:58:19.614046,2387,357370000,0.0,-2992,1,1,1,0,0,15,3
2025-10-06 12:58:20.613078,2387,357371000,0.0,494,1,1,1,0,0,15,3
2025-10-06 12:58:21.614071,2387,357372000,0.0,-2217,1,1,1,0,0,15,3
2025-10-06 12:58:22.614099,2387,357373000,0.0,1993,1,1,1,0,0,15,3
2025-10-06 12:58:23.615104,2387,357374000,0.0,-1829,1,1,1,0,0,15,3
2025-10-06 12:58:24.614097,2387,357375000,0.0,-3877,1,1,1,0,0,15,3
2025-10-06 12:58:25.614196,2387,357376000,0.0,931,1,1,1,0,0,15,3
2025-10-06 12:58:26.614139,2387,357377000,0.0,928,1,1,1,0,0,15,3
2025-10-06 12:58:27.613144,2387,357378000,0.0,-774,1,1,1,0,0,15,3
2025-10-06 12:58:28.615194,2387,357379000,0.0,2705,1,1,1,0,0,15,3
2025-10-06 12:58:29.613265,2387,357380000,0.0,-880,1,1,1,0,0,15,3
2025-10-06 12:58:30.614263,2387,357381000,0.0,-3645,1,1,1,0,0,15,3
2025-10-06 12:58:31.614230,2387,357382000,0.0,1999,1,1,1,0,0,15,3
2025-10-06 12:58:32.614243,2387,357383000,0.0,-1857,1,1,1,0,0,15,3
2025-10-06 12:58:33.613314,2387,357384000,0.0,3455,1,1,1,0,0,15,3
2025-10-06 12:58:34.615266,2387,357385000,0.0,-333,1,1,1,0,0,15,3
2025-10-06 12:58:35.614254,2387,357386000,0.0,-411,1,1,1,0,0,15,3
2025-10-06 12:58:36.614271,2387,357387000,0.0,3526,1,1,1,0,0,15,3
2025-10-06 12:58:37.613286,2387,357388000,0.0,1633,1,1,1,0,0,15,3
2025-10-06 12:58:38.614271,2387,357389000,0.0,537,1,1,1,0,0,15,3
2025-10-06 12:58:39.612346,2387,357390000,0.0,-142,1,1,1,0,0,15,3
2025-10-06 12:58:40.613296,2387,357391000,0.0,-2297,1,1,1,0,0,15,3
2025-10-06 12:58:41.613308,2387,357392000,0.0,2810,1,1,1,0,0,15,3
2025-10-06 12:58:42.613334,2387,357393000,0.0,985,1,1,1,0,0,15,3
2025-10-06 12:58:43.613340,2387,357394000,0.0,-978,1,1,1,0,0,15,3
2025-10-06 12:58:44.613551,2387,357395000,0.0,-1683,1,1,1,0,0,15,3
2025-10-06 12:58:45.613574,2387,357396000,0.0,3185,1,1,1,0,0,15,3
2025-10-06 12:58:46.613567,2387,357397000,0.0,-3930,1,1,1,0,0,15,3
2025-10-06 12:58:47.613599,2387,357398000,0.0,2050,1,1,1,0,0,15,3
2025-10-06 12:58:48.612620,2387,357399000,0.0,3195,1,1,1,0,0,15,3
2025-10-06 12:58:49.614520,2387,357400000,0.0,3416,1,1,1,0,0,15,3
2025-10-06 12:58:50.613553,2387,357401000,0.0,2263,1,1,1,0,0,15,3
2025-10-06 12:58:51.614607,2387,357402000,0.0,-230,1,1,1,0,0,15,3
2025-10-06 12:58:52.613568,2387,357403000,0.0,489,1,1,1,0,0,15,3
2025-10-06 12:58:53.613579,2387,357404000,0.0,779,1,1,1,0,0,15,3
2025-10-06 12:58:54.613575,2387,357405000,0.0,-493,1,1,1,0,0,15,3
2025-10-06 12:58:55.614658,2387,357406000,0.0,1244,1,1,1,0,0,15,3
2025-10-06 12:58:56.614621,2387,357407000,0.0,668,1,1,1,0,0,15,3
2025-10-06 12:58:57.612635,2387,357408000,0.0,294,1,1,1,0,0,15,3
2025-10-06 12:58:58.613660,2387,357409000,0.0,221,1,1,1,0,0,15,3
2025-10-06 12:58:59.613665,2387,357410000,0.0,-295,1,1,1,0,0,15,3
2025-10-06 12:59:00.613774,2387,357411000,0.0,-1229,1,1,1,0,0,15,3
2025-10-06 12:59:01.613718,2387,357412000,0.0,-2227,1,1,1,0,0,15,3
2025-10-06 12:59:02.613722,2387,357413000,0.0,-1606,1,1,1,0,0,15,3
2025-10-06 12:59:03.613731,2387,357414000,0.0,-3511,1,1,1,0,0,15,3
2025-10-06 12:59:04.613748,2387,357415000,0.0,3695,1,1,1,0,0,15,3
2025-10-06 12:59:05.613817,2387,357416000,0.0,-3582,1,1,1,0,0,15,3
2025-10-06 12:59:06.612762,2387,357417000,0.0,-1905,1,1,1,0,0,15,3
2025-10-06 12:59:07.613769,2387,357418000,0.0,1242,1,1,1,0,0,15,3
2025-10-06 12:59:08.613806,2387,357419000,0.0,2472,1,1,1,0,0,15,3
2025-10-06 12:59:09.613826,2387,357420000,0.0,2753,1,1,1,0,0,15,3
2025-10-06 12:59:10.613834,2387,357421000,0.0,-1495,1,1,1,0,0,15,3
2025-10-06 12:59:11.613860,2387,357422000,0.0,384,1,1,1,0,0,15,3
2025-10-06 12:59:12.613879,2387,357423000,0.0,3278,1,1,1,0,0,15,3
2025-10-06 12:59:13.614871,2387,357424000,0.0,2118,1,1,1,0,0,15,3
2025-10-06 12:59:14.613909,2387,357425000,0.0,201,1,1,1,0,0,15,3
2025-10-06 12:59:15.612898,2387,357426000,0.0,3335,1,1,1,0,0,15,3
2025-10-06 12:59:16.613897,2387,357427000,0.0,3419,1,1,1,0,0,15,3
2025-10-06 12:59:17.613910,2387,357428000,0.0,-696,1,1,1,0,0,15,3
2025-10-06 12:59:18.612925,2387,357429000,0.0,-685,1,1,1,0,0,15,3
2025-10-06 12:59:19.614942,2387,357430000,0.0,-362,1,1,1,0,0,15,3
2025-10-06 12:59:20.612945,2387,357431000,0.0,-2891,1,1,1,0,0,15,3
2025-10-06 12:59:21.613933,2387,357432000,0.0,994,1,1,1,0,0,15,3
2025-10-06 12:59:22.613973,2387,357433000,0.0,-953,1,1,1,0,0,15,3
2025-10-06 12:59:23.612957,2387,357434000,0.0,223,1,1,1,0,0,15,3
2025-10-06 12:59:24.613179,2387,357435000,0.0,3515,1,1,1,0,0,15,3
2025-10-06 12:59:25.614143,2387,357436000,0.0,803,1,1,1,0,0,15,3
2025-10-06 12:59:26.613142,2387,357437000,0.0,529,1,1,1,0,0,15,3
2025-10-06 12:59:27.613072,2387,357438000,0.0,-3057,1,1,1,0,0,15,3
2025-10-06 12:59:28.614126,2387,357439000,0.0,985,1,1,1,0,0,15,3
2025-10-06 12:59:29.612217,2387,357440000,0.0,-2521,1,1,1,0,0,15,3
2025-10-06 12:59:30.613122,2387,357441000,0.0,3522,1,1,1,0,0,15,3
2025-10-06 12:59:31.614160,2387,357442000,0.0,2637,1,1,1,0,0,15,3
2025-10-06 12:59:32.614172,2387,357443000,0.0,-2580,1,1,1,0,0,15,3
2025-10-06 12:59:33.612186,2387,357444000,0.0,3141,1,1,1,0,0,15,3
2025-10-06 12:59:34.613262,2387,357445000,0.0,-2990,1,1,1,0,0,15,3
2025-10-06 12:59:35.613194,2387,357446000,0.0,332,1,1,1,0,0,15,3
2025-10-06 12:59:36.613245,2387,357447000,0.0,3194,1,1,1,0,0,15,3
2025-10-06 12:59:37.614229,2387,357448000,0.0,3653,1,1,1,0,0,15,3
2025-10-06 12:59:38.613244,2387,357449000,0.0,-3024,1,1,1,0,0,15,3
2025-10-06 12:59:39.613283,2387,357450000,0.0,-2159,1,1,1,0,0,15,3
2025-10-06 12:59:40.613279,2387,357451000,0.0,-3718,1,1,1,0,0,15,3
2025-10-06 12:59:41.613330,2387,357452000,0.0,3559,1,1,1,0,0,15,3
2025-10-06 12:59:42.612417,2387,357453000,0.0,-1645,1,1,1,0,0,15,3
2025-10-06 12:59:43.614362,2387,357454000,0.0,-3808,1,1,1,0,0,15,3
2025-10-06 12:59:44.614377,2387,357455000,0.0,2048,1,1,1,0,0,15,3
2025-10-06 12:59:45.612388,2387,357456000,0.0,1651,1,1,1,0,0,15,3
2025-10-06 12:59:46.613410,2387,357457000,0.0,2257,1,1,1,0,0,15,3
2025-10-06 12:59:47.613412,2387,357458000,0.0,3252,1,1,1,0,0,15,3
2025-10-06 12:59:48.613436,2387,357459000,0.0,3256,1,1,1,0,0,15,3
2025-10-06 12:59:49.613455,2387,357460000,0.0,3637,1,1,1,0,0,15,3
2025-10-06 12:59:50.612537,2387,357461000,0.0,-3723,1,1,1,0,0,15,3
2025-10-06 12:59:51.613488,2387,357462000,0.0,-2329,1,1,1,0,0,15,3
2025-10-06 12:59:52.614497,2387,357463000,0.0,-2772,1,1,1,0,0,15,3
2025-10-06 12:59:53.612506,2387,357464000,0.0,-2684,1,1,1,0,0,15,3
2025-10-06 12:59:54.613505,2387,357465000,0.0,-2003,1,1,1,0,0,15,3
2025-10-06 12:59:55.613603,2387,357466000,0.0,1563,1,1,1,0,0,15,3
2025-10-06 12:59:56.612523,2387,357467000,0.0,-3622,1,1,1,0,0,15,3
2025-10-06 12:59:57.613560,2387,357468000,0.0,-3236,1,1,1,0,0,15,3
2025-10-06 12:59:58.613568,2387,357469000,0.0,-3323,1,1,1,0,0,15,3
2025-10-06 12:59:59.613588,2387,357470000,0.0,-703,1,1,1,0,0,15,3
2025-10-06 13:00:00.612590,2387,357471000,0.0,-492,1,1,1,0,0,15,3
2025-10-06 13:00:01.613636,2387,357472000,0.0,-339,1,1,1,0,0,15,3
2025-10-06 13:00:02.612580,2387,357473000,0.0,872,1,1,1,0,0,15,3
2025-10-06 13:00:03.613659,2387,357474000,0.0,1441,1,1,1,0,0,15,3
2025-10-06 13:00:04.613654,2387,357475000,0.0,1594,1,1,1,0,0,15,3
2025-10-06 13:00:05.613649,2387,357476000,0.0,-3787,1,1,1,0,0,15,3
2025-10-06 13:00:06.613712,2387,357477000,0.0,-3335,1,1,1,0,0,15,3
2025-10-06 13:00:07.613730,2387,357478000,0.0,-2825,1,1,1,0,0,15,3
2025-10-06 13:00:08.613813,2387,357479000,0.0,2848,1,1,1,0,0,15,3
2025-10-06 13:00:13.613849,2387,357484000,0.0,-1917,1,1,1,0,0,15,3
2025-10-06 13:00:33.613143,2387,357504000,0.0,-1171,1,1,1,0,0,15,3
2025-10-06 13:00:34.614155,2387,357505000,0.0,-1960,1,1,1,0,0,15,3
2025-10-06 13:00:35.612169,2387,357506000,0.0,-2426,1,1,1,0,0,15,3
2025-10-06 13:00:36.612268,2387,357507000,0.0,-3542,1,1,1,0,0,15,3
2025-10-06 13:00:37.614153,2387,357508000,0.0,2498,1,1,1,0,0,15,3
2025-10-06 13:00:38.612177,2387,357509000,0.0,976,1,1,1,0,0,15,3
2025-10-06 13:00:39.612194,2387,357510000,0.0,-3455,1,1,1,0,0,15,3
2025-10-06 13:05:51.609121,2387,357822000,0.0,3254,1,1,1,0,0,15,3
2025-10-06 13:05:52.609114,2387,357823000,0.0,774,1,1,1,0,0,15,3
2025-10-06 13:05:53.609133,2387,357824000,0.0,-545,1,1,1,0,0,15,3
2025-10-06 13:05:54.609123,2387,357825000,0.0,-1026,1,1,1,0,0,15,3
2025-10-06 13:05:55.610160,2387,357826000,0.0,115,1,1,1,0,0,15,3
2025-10-06 13:05:56.608176,2387,357827000,0.0,1267,1,1,1,0,0,15,3
2025-10-06 13:06:10.608469,2387,357841000,0.0,-1243,1,1,1,0,0,15,3
2025-10-06 13:06:11.608505,2387,357842000,0.0,269,1,1,1,0,0,15,3
2025-10-06 13:06:12.608501,2387,357843000,0.0,2951,1,1,1,0,0,15,3
2025-10-06 13:06:13.608594,2387,357844000,0.0,-1499,1,1,1,0,0,15,3
2025-10-06 13:06:14.608556,2387,357845000,0.0,-1929,1,1,1,0,0,15,3
2025-10-06 13:17:07.602727,2387,358498000,0.0,2,1,1,1,0,0,15,3
2025-10-06 13:17:08.603690,2387,358499000,0.0,47,1,1,1,0,0,15,3
2025-10-06 13:17:09.602697,2387,358500000,0.0,635,1,1,1,0,0,15,3
2025-10-06 13:17:10.602785,2387,358501000,0.0,1479,1,1,1,0,0,15,3
2025-10-06 13:17:11.603743,2387,358502000,0.0,2847,1,1,1,0,0,15,3
2025-10-06 13:17:12.602796,2387,358503000,0.0,3555,1,1,1,0,0,15,3
2025-10-06 13:17:13.602762,2387,358504000,0.0,-3282,1,1,1,0,0,15,3
2025-10-06 13:17:14.602793,2387,358505000,0.0,-2005,1,1,1,0,0,15,3
